-- MySQL Administrator dump 1.4
--
-- ------------------------------------------------------
-- Server version	5.1.54-1ubuntu4


/*!40101 SET @OLD_CHARACTER_SET_CLIENT=@@CHARACTER_SET_CLIENT */;
/*!40101 SET @OLD_CHARACTER_SET_RESULTS=@@CHARACTER_SET_RESULTS */;
/*!40101 SET @OLD_COLLATION_CONNECTION=@@COLLATION_CONNECTION */;
/*!40101 SET NAMES utf8 */;

/*!40014 SET @OLD_UNIQUE_CHECKS=@@UNIQUE_CHECKS, UNIQUE_CHECKS=0 */;
/*!40014 SET @OLD_FOREIGN_KEY_CHECKS=@@FOREIGN_KEY_CHECKS, FOREIGN_KEY_CHECKS=0 */;
/*!40101 SET @OLD_SQL_MODE=@@SQL_MODE, SQL_MODE='NO_AUTO_VALUE_ON_ZERO' */;


--
-- Create schema connect
--

CREATE DATABASE IF NOT EXISTS connect;
USE connect;
CREATE TABLE  `connect`.`osf_activities` (
  `_id` bigint(20) NOT NULL AUTO_INCREMENT,
  `_description` longtext NOT NULL,
  `_entered` datetime NOT NULL,
  `_entity` varchar(255) DEFAULT NULL,
  `_format` varchar(255) NOT NULL,
  `_linked_id` bigint(20) DEFAULT NULL,
  `_modified` datetime NOT NULL,
  `_type` varchar(255) NOT NULL,
  `_entered_by_id` bigint(20) DEFAULT NULL,
  `_parent_id` bigint(20) DEFAULT NULL,
  `_project_id` bigint(20) DEFAULT NULL,
  PRIMARY KEY (`_id`),
  KEY `FKDFC7CD4A482DA038` (`_parent_id`),
  KEY `FKDFC7CD4AFA11FB90` (`_entered_by_id`),
  KEY `FKDFC7CD4AADE2AB90` (`_project_id`)
) ENGINE=MyISAM AUTO_INCREMENT=170 DEFAULT CHARSET=utf8;
INSERT INTO `connect`.`osf_activities` VALUES  (1,'我来刷一下子 呵呵','2011-05-31 16:10:36',NULL,'txt',NULL,'2011-05-31 16:10:36','user-input',1,NULL,1),
 (2,'撒大发万恶','2011-05-31 16:14:50',NULL,'txt',NULL,'2011-05-31 16:14:50','user-input',1,NULL,1),
 (3,'sdfafwe ','2011-05-31 16:56:25',NULL,'txt',NULL,'2011-05-31 16:56:25','user-input',1,NULL,1),
 (4,'o(∩∩)o...哈哈','2011-05-31 16:56:35',NULL,'txt',NULL,'2011-05-31 16:56:35','user-input',1,NULL,1),
 (5,'activity/question_update.ftl','2011-06-03 10:09:49','Question','ftl',1,'2011-06-03 10:09:49','Question',1,NULL,1),
 (6,'activity/question_update.ftl','2011-06-03 10:39:14','Question','ftl',2,'2011-06-03 10:39:14','Question',1,NULL,1),
 (7,'activity/question_update.ftl','2011-06-03 11:02:14','Question','ftl',2,'2011-06-03 11:02:14','Question',1,NULL,1),
 (8,'activity/question_update.ftl','2011-06-03 11:07:59','Question','ftl',2,'2011-06-03 11:07:59','Question',1,NULL,1),
 (9,'activity/question_update.ftl','2011-06-03 11:13:23','Question','ftl',2,'2011-06-03 11:13:23','Question',1,NULL,1),
 (10,'activity/question_update.ftl','2011-06-03 11:47:05','Question','ftl',2,'2011-06-03 11:47:05','Question',1,NULL,1),
 (11,'activity/answer_update.ftl','2011-06-03 16:23:15','Answer','ftl',1,'2011-06-03 16:23:15','Answer',1,NULL,1),
 (12,'activity/answer_update.ftl','2011-06-03 16:29:23','Answer','ftl',2,'2011-06-03 16:29:23','Answer',1,NULL,1),
 (13,'activity/answer_update.ftl','2011-06-03 17:17:26','Answer','ftl',3,'2011-06-03 17:17:26','Answer',1,NULL,1),
 (14,'activity/answer_update.ftl','2011-06-03 17:20:11','Answer','ftl',4,'2011-06-03 17:20:11','Answer',1,NULL,1),
 (15,'activity/answer_update.ftl','2011-06-03 17:38:24','Answer','ftl',2,'2011-06-03 17:38:24','Answer',1,NULL,1),
 (16,'activity/answer_update.ftl','2011-06-07 20:38:44','Answer','ftl',1,'2011-06-07 20:38:44','Answer',1,NULL,1),
 (17,'activity/answer_update.ftl','2011-06-07 20:38:45','Answer','ftl',3,'2011-06-07 20:38:45','Answer',1,NULL,1),
 (18,'activity/answer_update.ftl','2011-06-07 20:38:45','Answer','ftl',4,'2011-06-07 20:38:45','Answer',1,NULL,1),
 (19,'activity/answer_update.ftl','2011-06-07 20:38:47','Answer','ftl',1,'2011-06-07 20:38:47','Answer',1,NULL,1),
 (20,'activity/answer_update.ftl','2011-06-07 20:38:47','Answer','ftl',3,'2011-06-07 20:38:47','Answer',1,NULL,1),
 (21,'activity/answer_update.ftl','2011-06-07 20:38:47','Answer','ftl',4,'2011-06-07 20:38:47','Answer',1,NULL,1),
 (22,'activity/answer_update.ftl','2011-06-07 20:38:51','Answer','ftl',1,'2011-06-07 20:38:51','Answer',1,NULL,1),
 (23,'activity/answer_update.ftl','2011-06-07 20:38:51','Answer','ftl',3,'2011-06-07 20:38:51','Answer',1,NULL,1),
 (24,'activity/answer_update.ftl','2011-06-07 20:38:51','Answer','ftl',4,'2011-06-07 20:38:51','Answer',1,NULL,1),
 (25,'activity/answer_update.ftl','2011-06-07 20:38:53','Answer','ftl',1,'2011-06-07 20:38:53','Answer',1,NULL,1),
 (26,'activity/answer_update.ftl','2011-06-07 20:38:53','Answer','ftl',3,'2011-06-07 20:38:53','Answer',1,NULL,1),
 (27,'activity/answer_update.ftl','2011-06-07 20:38:53','Answer','ftl',4,'2011-06-07 20:38:53','Answer',1,NULL,1),
 (28,'activity/answer_update.ftl','2011-06-07 20:38:54','Answer','ftl',1,'2011-06-07 20:38:54','Answer',1,NULL,1),
 (29,'activity/answer_update.ftl','2011-06-07 20:38:54','Answer','ftl',3,'2011-06-07 20:38:54','Answer',1,NULL,1),
 (30,'activity/answer_update.ftl','2011-06-07 20:38:54','Answer','ftl',4,'2011-06-07 20:38:54','Answer',1,NULL,1),
 (31,'activity/answer_update.ftl','2011-06-07 20:38:59','Answer','ftl',1,'2011-06-07 20:38:59','Answer',1,NULL,1),
 (32,'activity/answer_update.ftl','2011-06-07 20:38:59','Answer','ftl',3,'2011-06-07 20:38:59','Answer',1,NULL,1),
 (33,'activity/answer_update.ftl','2011-06-07 20:38:59','Answer','ftl',4,'2011-06-07 20:38:59','Answer',1,NULL,1),
 (34,'activity/answer_update.ftl','2011-06-07 20:39:01','Answer','ftl',1,'2011-06-07 20:39:01','Answer',1,NULL,1),
 (35,'activity/answer_update.ftl','2011-06-07 20:39:01','Answer','ftl',3,'2011-06-07 20:39:01','Answer',1,NULL,1),
 (36,'activity/answer_update.ftl','2011-06-07 20:39:01','Answer','ftl',4,'2011-06-07 20:39:01','Answer',1,NULL,1),
 (37,'activity/answer_update.ftl','2011-06-07 20:39:03','Answer','ftl',1,'2011-06-07 20:39:03','Answer',1,NULL,1),
 (38,'activity/answer_update.ftl','2011-06-07 20:39:03','Answer','ftl',3,'2011-06-07 20:39:03','Answer',1,NULL,1),
 (39,'activity/answer_update.ftl','2011-06-07 20:39:03','Answer','ftl',4,'2011-06-07 20:39:03','Answer',1,NULL,1),
 (40,'activity/answer_update.ftl','2011-06-07 20:39:04','Answer','ftl',1,'2011-06-07 20:39:04','Answer',1,NULL,1),
 (41,'activity/answer_update.ftl','2011-06-07 20:39:04','Answer','ftl',3,'2011-06-07 20:39:04','Answer',1,NULL,1),
 (42,'activity/answer_update.ftl','2011-06-07 20:39:04','Answer','ftl',4,'2011-06-07 20:39:04','Answer',1,NULL,1),
 (43,'activity/answer_update.ftl','2011-06-07 20:39:05','Answer','ftl',1,'2011-06-07 20:39:05','Answer',1,NULL,1),
 (44,'activity/answer_update.ftl','2011-06-07 20:39:05','Answer','ftl',3,'2011-06-07 20:39:05','Answer',1,NULL,1),
 (45,'activity/answer_update.ftl','2011-06-07 20:39:05','Answer','ftl',4,'2011-06-07 20:39:05','Answer',1,NULL,1),
 (46,'activity/answer_update.ftl','2011-06-07 20:39:07','Answer','ftl',3,'2011-06-07 20:39:07','Answer',1,NULL,1),
 (47,'activity/answer_update.ftl','2011-06-07 20:39:07','Answer','ftl',1,'2011-06-07 20:39:07','Answer',1,NULL,1),
 (48,'activity/answer_update.ftl','2011-06-07 20:39:07','Answer','ftl',4,'2011-06-07 20:39:07','Answer',1,NULL,1),
 (49,'activity/answer_update.ftl','2011-06-07 20:50:36','Answer','ftl',4,'2011-06-07 20:50:36','Answer',1,NULL,1),
 (50,'activity/question_update.ftl','2011-06-07 22:24:09','Question','ftl',1,'2011-06-07 22:24:09','Question',1,NULL,1),
 (51,'activity/question_update.ftl','2011-06-07 22:42:29','Question','ftl',2,'2011-06-07 22:42:29','Question',1,NULL,1),
 (52,'activity/question_update.ftl','2011-06-07 22:43:20','Question','ftl',1,'2011-06-07 22:43:20','Question',1,NULL,1),
 (53,'activity/question_update.ftl','2011-06-07 22:43:51','Question','ftl',1,'2011-06-07 22:43:51','Question',1,NULL,1),
 (54,'activity/question_update.ftl','2011-06-07 22:44:02','Question','ftl',2,'2011-06-07 22:44:02','Question',1,NULL,1),
 (55,'activity/question_update.ftl','2011-06-08 13:02:36','Question','ftl',1,'2011-06-08 13:02:36','Question',1,NULL,1),
 (56,'activity/question_update.ftl','2011-06-08 16:33:19','Question','ftl',3,'2011-06-08 16:33:19','Question',1,NULL,2),
 (57,'activity/question_update.ftl','2011-06-08 16:33:19','Question','ftl',3,'2011-06-08 16:33:19','Question',1,NULL,2),
 (58,'activity/question_update.ftl','2011-06-08 16:38:41','Question','ftl',3,'2011-06-08 16:38:41','Question',1,NULL,2),
 (59,'activity/question_update.ftl','2011-06-08 16:40:04','Question','ftl',3,'2011-06-08 16:40:04','Question',1,NULL,2),
 (60,'activity/question_update.ftl','2011-06-08 17:08:42','Question','ftl',1,'2011-06-08 17:08:42','Question',1,NULL,1),
 (61,'activity/question_update.ftl','2011-06-08 17:09:11','Question','ftl',1,'2011-06-08 17:09:11','Question',1,NULL,1),
 (62,'activity/question_update.ftl','2011-06-08 17:13:01','Question','ftl',1,'2011-06-08 17:13:01','Question',1,NULL,1),
 (63,'activity/question_update.ftl','2011-06-08 17:16:05','Question','ftl',1,'2011-06-08 17:16:05','Question',1,NULL,1),
 (64,'activity/question_update.ftl','2011-06-08 17:17:20','Question','ftl',1,'2011-06-08 17:17:20','Question',1,NULL,1),
 (65,'activity/question_update.ftl','2011-06-08 17:18:55','Question','ftl',1,'2011-06-08 17:18:55','Question',1,NULL,1),
 (66,'activity/question_update.ftl','2011-06-08 17:19:10','Question','ftl',1,'2011-06-08 17:19:10','Question',1,NULL,1),
 (67,'activity/question_update.ftl','2011-06-08 17:19:19','Question','ftl',1,'2011-06-08 17:19:19','Question',1,NULL,1),
 (68,'activity/question_update.ftl','2011-06-08 17:19:22','Question','ftl',1,'2011-06-08 17:19:22','Question',1,NULL,1),
 (69,'activity/question_update.ftl','2011-06-08 17:19:30','Question','ftl',2,'2011-06-08 17:19:30','Question',1,NULL,1),
 (70,'activity/question_update.ftl','2011-06-08 17:20:28','Question','ftl',3,'2011-06-08 17:20:28','Question',1,NULL,2),
 (71,'activity/question_update.ftl','2011-06-08 17:20:34','Question','ftl',3,'2011-06-08 17:20:34','Question',1,NULL,2),
 (72,'activity/question_update.ftl','2011-06-08 17:20:55','Question','ftl',3,'2011-06-08 17:20:55','Question',1,NULL,2),
 (73,'activity/question_update.ftl','2011-06-08 17:25:45','Question','ftl',3,'2011-06-08 17:25:45','Question',1,NULL,2),
 (74,'activity/question_update.ftl','2011-06-08 17:25:51','Question','ftl',3,'2011-06-08 17:25:51','Question',1,NULL,2),
 (75,'activity/question_update.ftl','2011-06-08 17:26:23','Question','ftl',3,'2011-06-08 17:26:23','Question',1,NULL,2),
 (76,'activity/question_update.ftl','2011-06-08 17:27:00','Question','ftl',3,'2011-06-08 17:27:00','Question',1,NULL,2),
 (77,'activity/question_update.ftl','2011-06-08 17:27:24','Question','ftl',3,'2011-06-08 17:27:24','Question',1,NULL,2),
 (78,'activity/question_update.ftl','2011-06-08 17:28:08','Question','ftl',3,'2011-06-08 17:28:08','Question',1,NULL,2),
 (79,'activity/question_update.ftl','2011-06-08 17:28:23','Question','ftl',3,'2011-06-08 17:28:23','Question',1,NULL,2),
 (80,'activity/question_update.ftl','2011-06-08 17:28:54','Question','ftl',3,'2011-06-08 17:28:54','Question',1,NULL,2),
 (81,'activity/question_update.ftl','2011-06-08 17:28:59','Question','ftl',3,'2011-06-08 17:28:59','Question',1,NULL,2),
 (82,'activity/question_update.ftl','2011-06-08 17:29:09','Question','ftl',3,'2011-06-08 17:29:09','Question',1,NULL,2),
 (83,'activity/question_update.ftl','2011-06-08 17:29:19','Question','ftl',3,'2011-06-08 17:29:19','Question',1,NULL,2),
 (84,'activity/question_update.ftl','2011-06-08 17:29:27','Question','ftl',3,'2011-06-08 17:29:27','Question',1,NULL,2),
 (85,'activity/question_update.ftl','2011-06-08 17:29:34','Question','ftl',3,'2011-06-08 17:29:34','Question',1,NULL,2),
 (86,'activity/question_update.ftl','2011-06-08 17:30:22','Question','ftl',3,'2011-06-08 17:30:22','Question',1,NULL,2),
 (87,'activity/question_update.ftl','2011-06-08 17:30:27','Question','ftl',3,'2011-06-08 17:30:27','Question',1,NULL,2),
 (88,'activity/question_update.ftl','2011-06-08 17:30:36','Question','ftl',3,'2011-06-08 17:30:36','Question',1,NULL,2),
 (89,'同手同脚很好听...','2011-06-09 09:05:26',NULL,'txt',NULL,'2011-06-09 09:05:40','user-input',1,NULL,1),
 (90,'恩  真的很好听...','2011-06-09 09:05:40',NULL,'txt',NULL,'2011-06-09 09:05:40','comment',1,89,1),
 (91,'activity/forum_update.ftl','2011-06-09 09:15:35','Forum','ftl',1,'2011-06-09 09:15:35','Forum',1,NULL,1),
 (92,'activity/topic_update.ftl','2011-06-09 09:17:48','Topic','ftl',1,'2011-06-09 09:17:48','Topic',1,NULL,1),
 (93,'activity/event_update.ftl','2011-06-09 13:55:21','Event','ftl',1,'2011-06-09 13:55:21','Event',1,NULL,1),
 (94,'activity/post_update.ftl','2011-06-09 13:57:56','Post','ftl',1,'2011-06-09 13:57:56','Post',1,NULL,1),
 (95,'activity/question_update.ftl','2011-06-09 13:58:26','Question','ftl',2,'2011-06-09 13:58:26','Question',1,NULL,1),
 (96,'activity/question_update.ftl','2011-06-09 13:58:37','Question','ftl',2,'2011-06-09 13:58:37','Question',1,NULL,1),
 (97,'activity/folder_update.ftl','2011-06-09 14:11:59','Folder','ftl',1,'2011-06-09 14:11:59','Folder',1,NULL,1),
 (98,'activity/album_update.ftl','2011-06-09 14:13:27','Album','ftl',1,'2011-06-09 14:13:27','Album',1,NULL,1),
 (99,'activity/photo_update.ftl','2011-06-09 14:13:39','Photo','ftl',1,'2011-06-09 14:13:39','Photo',1,NULL,1),
 (100,'activity/photo_update.ftl','2011-06-09 14:13:46','Photo','ftl',2,'2011-06-09 14:13:46','Photo',1,NULL,1),
 (101,'activity/question_update.ftl','2011-06-12 20:45:56','Question','ftl',4,'2011-06-12 20:45:56','Question',1,NULL,1),
 (102,'activity/question_update.ftl','2011-06-12 20:45:57','Question','ftl',4,'2011-06-12 20:45:57','Question',1,NULL,1),
 (103,'activity/answer_update.ftl','2011-06-12 20:46:06','Answer','ftl',5,'2011-06-12 20:46:06','Answer',1,NULL,1),
 (104,'activity/question_update.ftl','2011-06-12 20:46:07','Question','ftl',4,'2011-06-12 20:46:07','Question',1,NULL,1),
 (105,'activity/answer_update.ftl','2011-06-12 20:46:11','Answer','ftl',5,'2011-06-12 20:46:11','Answer',1,NULL,1),
 (106,'activity/question_update.ftl','2011-06-12 20:46:11','Question','ftl',4,'2011-06-12 20:46:11','Question',1,NULL,1),
 (107,'activity/event_update.ftl','2011-06-12 20:46:42','Event','ftl',2,'2011-06-12 20:46:42','Event',1,NULL,1),
 (108,'activity/question_update.ftl','2011-06-12 20:48:22','Question','ftl',1,'2011-06-12 20:48:22','Question',1,NULL,1),
 (109,'activity/photo_update.ftl','2011-06-12 21:29:29','Photo','ftl',3,'2011-06-12 21:29:29','Photo',1,NULL,1),
 (110,'activity/photo_update.ftl','2011-06-12 21:33:45','Photo','ftl',3,'2011-06-12 21:33:45','Photo',1,NULL,1),
 (111,'activity/photo_update.ftl','2011-06-12 21:33:59','Photo','ftl',4,'2011-06-12 21:33:59','Photo',1,NULL,1),
 (112,'activity/photo_update.ftl','2011-06-12 21:34:08','Photo','ftl',4,'2011-06-12 21:34:08','Photo',1,NULL,1),
 (113,'activity/question_update.ftl','2011-06-12 22:28:12','Question','ftl',1,'2011-06-12 22:28:12','Question',1,NULL,1),
 (114,'activity/question_update.ftl','2011-06-12 22:28:20','Question','ftl',1,'2011-06-12 22:28:20','Question',1,NULL,1),
 (115,'activity/question_update.ftl','2011-06-12 22:28:21','Question','ftl',1,'2011-06-12 22:28:21','Question',1,NULL,1),
 (116,'activity/question_update.ftl','2011-06-12 22:28:29','Question','ftl',1,'2011-06-12 22:28:29','Question',1,NULL,1),
 (117,'activity/question_update.ftl','2011-06-14 10:24:20','Question','ftl',1,'2011-06-14 10:24:20','Question',1,NULL,1),
 (118,'activity/question_update.ftl','2011-06-14 10:24:23','Question','ftl',1,'2011-06-14 10:24:23','Question',1,NULL,1),
 (119,'activity/question_update.ftl','2011-06-14 10:24:35','Question','ftl',1,'2011-06-14 10:24:35','Question',1,NULL,1),
 (120,'activity/question_update.ftl','2011-06-14 10:26:01','Question','ftl',1,'2011-06-14 10:26:01','Question',1,NULL,1),
 (121,'activity/question_update.ftl','2011-06-14 10:34:47','Question','ftl',4,'2011-06-14 10:34:47','Question',1,NULL,1),
 (122,'activity/question_update.ftl','2011-06-14 10:34:51','Question','ftl',4,'2011-06-14 10:34:51','Question',1,NULL,1),
 (123,'activity/question_update.ftl','2011-06-14 10:35:03','Question','ftl',4,'2011-06-14 10:35:03','Question',1,NULL,1),
 (124,'activity/question_update.ftl','2011-06-14 10:35:18','Question','ftl',4,'2011-06-14 10:35:18','Question',1,NULL,1),
 (125,'activity/question_update.ftl','2011-06-14 10:35:21','Question','ftl',1,'2011-06-14 10:35:21','Question',1,NULL,1),
 (126,'activity/question_update.ftl','2011-06-14 10:36:54','Question','ftl',1,'2011-06-14 10:36:54','Question',1,NULL,1),
 (127,'activity/question_update.ftl','2011-06-14 11:52:22','Question','ftl',4,'2011-06-14 11:52:22','Question',1,NULL,1),
 (128,'activity/question_update.ftl','2011-06-14 12:26:44','Question','ftl',2,'2011-06-14 12:26:44','Question',1,NULL,1),
 (129,'activity/question_update.ftl','2011-06-14 12:26:47','Question','ftl',2,'2011-06-14 12:26:47','Question',1,NULL,1),
 (130,'activity/question_update.ftl','2011-06-14 12:27:05','Question','ftl',2,'2011-06-14 12:27:05','Question',1,NULL,1),
 (131,'activity/question_update.ftl','2011-06-14 12:27:33','Question','ftl',2,'2011-06-14 12:27:33','Question',1,NULL,1),
 (132,'activity/question_update.ftl','2011-06-14 12:27:38','Question','ftl',1,'2011-06-14 12:27:38','Question',1,NULL,1),
 (133,'activity/question_update.ftl','2011-06-14 12:27:43','Question','ftl',1,'2011-06-14 12:27:43','Question',1,NULL,1),
 (134,'activity/question_update.ftl','2011-06-14 12:27:47','Question','ftl',4,'2011-06-14 12:27:47','Question',1,NULL,1),
 (135,'activity/question_update.ftl','2011-06-14 12:27:49','Question','ftl',4,'2011-06-14 12:27:49','Question',1,NULL,1),
 (136,'activity/question_update.ftl','2011-06-14 12:27:57','Question','ftl',2,'2011-06-14 12:27:57','Question',1,NULL,1),
 (137,'activity/question_update.ftl','2011-06-14 12:28:08','Question','ftl',2,'2011-06-14 12:28:08','Question',1,NULL,1),
 (138,'activity/question_update.ftl','2011-06-14 12:30:17','Question','ftl',4,'2011-06-14 12:30:17','Question',1,NULL,1),
 (139,'activity/question_update.ftl','2011-06-14 12:30:31','Question','ftl',2,'2011-06-14 12:30:31','Question',1,NULL,1),
 (140,'activity/question_update.ftl','2011-06-14 12:31:21','Question','ftl',4,'2011-06-14 12:31:21','Question',1,NULL,1),
 (141,'activity/question_update.ftl','2011-06-14 21:46:20','Question','ftl',5,'2011-06-14 21:46:20','Question',1,NULL,1),
 (142,'activity/question_update.ftl','2011-06-14 21:46:21','Question','ftl',5,'2011-06-14 21:46:21','Question',1,NULL,1),
 (143,'activity/profile_update.ftl','2011-06-14 23:26:11','Profile','ftl',3,'2011-06-14 23:26:11','Profile',1,NULL,8),
 (144,'activity/question_update.ftl','2011-06-15 09:57:42','Question','ftl',6,'2011-06-15 09:57:42','Question',1,NULL,8),
 (145,'activity/question_update.ftl','2011-06-15 09:57:42','Question','ftl',6,'2011-06-15 09:57:42','Question',1,NULL,8),
 (146,'activity/answer_update.ftl','2011-06-15 09:57:52','Answer','ftl',6,'2011-06-15 09:57:52','Answer',1,NULL,8),
 (147,'activity/question_update.ftl','2011-06-15 09:57:52','Question','ftl',6,'2011-06-15 09:57:52','Question',1,NULL,8),
 (148,'activity/answer_update.ftl','2011-06-15 09:57:56','Answer','ftl',6,'2011-06-15 09:57:56','Answer',1,NULL,8),
 (149,'activity/question_update.ftl','2011-06-15 09:57:56','Question','ftl',6,'2011-06-15 09:57:56','Question',1,NULL,8),
 (150,'activity/album_update.ftl','2011-06-15 10:10:41','Album','ftl',2,'2011-06-15 10:10:41','Album',1,NULL,8),
 (151,'activity/photo_update.ftl','2011-06-15 10:10:58','Photo','ftl',5,'2011-06-15 10:10:58','Photo',1,NULL,8),
 (152,'activity/event_update.ftl','2011-06-15 11:55:06','Event','ftl',3,'2011-06-15 11:55:06','Event',1,NULL,8),
 (153,'activity/event_update.ftl','2011-06-15 12:00:30','Event','ftl',4,'2011-06-15 12:00:30','Event',1,NULL,8),
 (154,'我来说写什么了 ^_^','2011-06-15 12:30:21',NULL,'txt',NULL,'2011-06-15 12:30:21','user-input',1,NULL,1),
 (155,'我来这里也发表一下吧 呵呵 ','2011-06-15 12:34:22',NULL,'txt',NULL,'2011-06-15 12:34:22','user-input',1,NULL,8),
 (156,'速读法发我份额哇的算法访问俄福娃访问俄阿飞\r\n瓦房我fewafeawefa速读法发\r\n阿斯顿发我份额我\r\n阿斯顿发我额发瓦房瓦房','2011-06-15 12:35:06',NULL,'txt',NULL,'2011-06-15 12:35:06','user-input',1,NULL,8),
 (157,'activity/question_update.ftl','2011-06-15 13:04:52','Question','ftl',2,'2011-06-15 13:04:52','Question',1,NULL,1),
 (158,'activity/forum_update.ftl','2011-06-15 14:23:10','Forum','ftl',2,'2011-06-15 14:23:10','Forum',1,NULL,8),
 (159,'activity/topic_update.ftl','2011-06-15 14:56:53','Topic','ftl',2,'2011-06-15 14:56:53','Topic',2,NULL,8),
 (160,'activity/reply_update.ftl','2011-06-15 15:00:17','Reply','ftl',1,'2011-06-15 15:00:17','Reply',2,NULL,8),
 (161,'activity/question_update.ftl','2011-06-15 15:09:23','Question','ftl',6,'2011-06-15 15:09:23','Question',1,NULL,8),
 (162,'activity/topic_update.ftl','2011-06-15 15:16:39','Topic','ftl',3,'2011-06-15 15:16:39','Topic',2,NULL,1),
 (163,'activity/question_update.ftl','2011-06-15 19:10:27','Question','ftl',6,'2011-06-15 19:10:27','Question',1,NULL,8),
 (164,'activity/question_update.ftl','2011-06-15 19:10:34','Question','ftl',6,'2011-06-15 19:10:34','Question',1,NULL,8),
 (165,'activity/question_update.ftl','2011-06-17 14:57:50','Question','ftl',1,'2011-06-17 14:57:50','Question',1,NULL,1),
 (166,'activity/question_update.ftl','2011-06-17 14:57:53','Question','ftl',4,'2011-06-17 14:57:53','Question',1,NULL,1),
 (167,'activity/question_update.ftl','2011-06-17 14:57:58','Question','ftl',4,'2011-06-17 14:57:58','Question',1,NULL,1),
 (168,'activity/question_update.ftl','2011-06-17 15:33:12','Question','ftl',1,'2011-06-17 15:33:12','Question',1,NULL,1),
 (169,'activity/question_update.ftl','2011-06-17 15:33:16','Question','ftl',1,'2011-06-17 15:33:16','Question',1,NULL,1);
CREATE TABLE  `connect`.`osf_albums` (
  `_id` bigint(20) NOT NULL AUTO_INCREMENT,
  `_entered` datetime DEFAULT NULL,
  `_modified` datetime DEFAULT NULL,
  `_name` varchar(255) NOT NULL,
  `_entered_by_id` bigint(20) NOT NULL,
  `_modified_by_id` bigint(20) NOT NULL,
  `_project_id` bigint(20) NOT NULL,
  PRIMARY KEY (`_id`),
  KEY `FK376417C1FA11FB90` (`_entered_by_id`),
  KEY `FK376417C1ADE2AB90` (`_project_id`),
  KEY `FK376417C18DB1780` (`_modified_by_id`)
) ENGINE=MyISAM AUTO_INCREMENT=3 DEFAULT CHARSET=utf8;
INSERT INTO `connect`.`osf_albums` VALUES  (1,'2011-06-09 14:13:27',NULL,'测试相册',1,1,1),
 (2,'2011-06-15 10:10:41',NULL,'test',1,1,8);
CREATE TABLE  `connect`.`osf_answers` (
  `_id` bigint(20) NOT NULL AUTO_INCREMENT,
  `_content` longtext NOT NULL,
  `_entered` datetime DEFAULT NULL,
  `_modified` datetime DEFAULT NULL,
  `_entered_by_id` bigint(20) NOT NULL,
  `_modified_by_id` bigint(20) NOT NULL,
  `_question_id` bigint(20) NOT NULL,
  `_useful` bigint(20) DEFAULT NULL,
  `_useless` bigint(20) DEFAULT NULL,
  `_votes` bigint(20) DEFAULT NULL,
  PRIMARY KEY (`_id`),
  KEY `FKB978EC38FA11FB90` (`_entered_by_id`),
  KEY `FKB978EC38B7153A81` (`_question_id`),
  KEY `FKB978EC388DB1780` (`_modified_by_id`)
) ENGINE=MyISAM AUTO_INCREMENT=7 DEFAULT CHARSET=utf8;
INSERT INTO `connect`.`osf_answers` VALUES  (1,'爱我别走 &nbsp; 如果你说','2011-06-03 16:23:15','2011-06-07 20:39:07',1,1,1,1,0,NULL),
 (2,'<p>我来表达爱哦 &nbsp;^_^</p><p>o(∩∩)o...哈哈</p>','2011-06-03 16:29:23','2011-06-03 17:38:24',1,1,2,0,0,NULL),
 (3,'我们的爱 过来就不再回来 知道现在我还默默的离开','2011-06-03 17:17:26','2011-06-07 20:39:07',1,1,1,0,0,NULL),
 (4,'你觉的也帮助吗？','2011-06-03 17:20:11','2011-06-07 20:50:36',1,1,1,0,1,NULL),
 (5,'来回答一个问题吧<br />','2011-06-12 20:46:06','2011-06-12 20:46:11',1,1,4,0,1,1),
 (6,'唱完也许就好了','2011-06-15 09:57:52','2011-06-15 09:57:56',1,1,6,0,1,1);
CREATE TABLE  `connect`.`osf_attachments` (
  `_id` bigint(20) NOT NULL AUTO_INCREMENT,
  `_content_type` varchar(255) NOT NULL,
  `_entered` datetime DEFAULT NULL,
  `_file_name` varchar(255) NOT NULL,
  `_size` bigint(20) DEFAULT NULL,
  PRIMARY KEY (`_id`)
) ENGINE=MyISAM AUTO_INCREMENT=11 DEFAULT CHARSET=utf8;
INSERT INTO `connect`.`osf_attachments` VALUES  (1,'application/pdf','2011-06-09 14:12:21','MyBatis-3-User-Guide.pdf',723609),
 (2,'image/jpeg','2011-06-09 14:13:39','DSC01635.JPG',1274558),
 (3,'image/jpeg','2011-06-09 14:13:46','DSC01641.JPG',1324713),
 (4,'image/jpeg','2011-06-12 21:10:56','gavin.jpg',12888),
 (5,'image/jpeg','2011-06-12 21:21:41','20110109063.jpg',193357),
 (8,'image/jpeg','2011-06-12 21:29:29','20110205071.jpg',373199),
 (7,'image/jpeg','2011-06-12 21:25:19','20110205073.jpg',460247),
 (9,'image/jpeg','2011-06-12 21:33:59','20110205070.jpg',239341),
 (10,'image/jpeg','2011-06-15 10:10:57','DSC01645.JPG',1321622);
CREATE TABLE  `connect`.`osf_authorizations` (
  `_id` bigint(20) NOT NULL AUTO_INCREMENT,
  `_secret` varchar(255) NOT NULL,
  `_target` varchar(255) NOT NULL,
  `_token` varchar(255) NOT NULL,
  `_user_id` bigint(20) NOT NULL,
  PRIMARY KEY (`_id`),
  KEY `FKAFECC9F717F46124` (`_user_id`)
) ENGINE=MyISAM DEFAULT CHARSET=utf8;
CREATE TABLE  `connect`.`osf_comments` (
  `_id` bigint(20) NOT NULL AUTO_INCREMENT,
  `_content` longtext NOT NULL,
  `_enabled` bit(1) DEFAULT NULL,
  `_entered` datetime NOT NULL,
  `_entity` varchar(255) DEFAULT NULL,
  `_linked_id` bigint(20) NOT NULL,
  `_modified` datetime NOT NULL,
  `_entered_by_id` bigint(20) NOT NULL,
  `_modified_by_id` bigint(20) NOT NULL,
  PRIMARY KEY (`_id`),
  KEY `FK6F832291FA11FB90` (`_entered_by_id`),
  KEY `FK6F8322918DB1780` (`_modified_by_id`)
) ENGINE=MyISAM AUTO_INCREMENT=4 DEFAULT CHARSET=utf8;
INSERT INTO `connect`.`osf_comments` VALUES  (1,'挺干净。。。',0x01,'2011-06-09 14:14:09','Photo',1,'2011-06-09 14:14:09',1,1),
 (2,'怎么没人评论？',0x01,'2011-06-12 20:49:19','Post',1,'2011-06-12 20:49:19',1,1),
 (3,'my home',0x01,'2011-06-15 10:11:14','Photo',5,'2011-06-15 10:11:14',1,1);
CREATE TABLE  `connect`.`osf_events` (
  `_id` bigint(20) NOT NULL AUTO_INCREMENT,
  `_all_day` bit(1) DEFAULT NULL,
  `_description` longtext,
  `_enabled` bit(1) DEFAULT NULL,
  `_end_date` datetime NOT NULL,
  `_entered` datetime NOT NULL,
  `_modified` datetime NOT NULL,
  `_start_date` datetime NOT NULL,
  `_title` varchar(255) NOT NULL,
  `_type` varchar(255) NOT NULL,
  `_url` varchar(255) DEFAULT NULL,
  `_entered_by_id` bigint(20) NOT NULL,
  `_modified_by_id` bigint(20) NOT NULL,
  `_project_id` bigint(20) NOT NULL,
  PRIMARY KEY (`_id`),
  KEY `FK3EC5A8F6FA11FB90` (`_entered_by_id`),
  KEY `FK3EC5A8F6ADE2AB90` (`_project_id`),
  KEY `FK3EC5A8F68DB1780` (`_modified_by_id`)
) ENGINE=MyISAM AUTO_INCREMENT=5 DEFAULT CHARSET=utf8;
INSERT INTO `connect`.`osf_events` VALUES  (1,0x00,'撒大发发万恶',0x01,'2011-06-18 00:00:00','2011-06-09 13:55:21','2011-06-09 13:55:21','2011-06-17 00:00:00','测试日程','activity','',1,1,1),
 (2,0x00,'这是一个测试日历<br />',0x01,'2011-06-23 00:00:00','2011-06-12 20:46:42','2011-06-12 20:46:42','2011-06-15 00:00:00','测试日历','activity','',1,1,1),
 (3,0x00,'',0x01,'2011-06-18 00:00:00','2011-06-15 11:55:06','2011-06-15 11:55:06','2011-06-17 00:00:00','野餐如何 哈哈','activity','',1,1,8),
 (4,0x00,'我再来一个活动吧 没意见吧',0x01,'2011-06-17 00:00:00','2011-06-15 12:00:30','2011-06-15 12:00:30','2011-06-16 00:00:00','我再来一个活动吧 没意见吧','activity','',1,1,8);
CREATE TABLE  `connect`.`osf_files` (
  `_id` bigint(20) NOT NULL AUTO_INCREMENT,
  `_enabled` bit(1) DEFAULT NULL,
  `_entered` datetime DEFAULT NULL,
  `_modified` datetime DEFAULT NULL,
  `_name` varchar(255) DEFAULT NULL,
  `_entered_by_id` bigint(20) DEFAULT NULL,
  `_folder_id` bigint(20) DEFAULT NULL,
  `_modified_by_id` bigint(20) NOT NULL,
  `_real_file_id` bigint(20) DEFAULT NULL,
  PRIMARY KEY (`_id`),
  KEY `FKAF7A02FA99FFD4D8` (`_folder_id`),
  KEY `FKAF7A02FA402E06BB` (`_real_file_id`),
  KEY `FKAF7A02FAFA11FB90` (`_entered_by_id`),
  KEY `FKAF7A02FA8DB1780` (`_modified_by_id`)
) ENGINE=MyISAM AUTO_INCREMENT=6 DEFAULT CHARSET=utf8;
INSERT INTO `connect`.`osf_files` VALUES  (1,NULL,'2011-06-09 14:12:21','2011-06-09 14:12:36','MyBatis User Guide',1,1,1,1),
 (2,NULL,'2011-06-12 21:10:56','2011-06-12 21:11:09','Gavin Hu',1,1,1,4),
 (3,NULL,'2011-06-12 21:21:41','2011-06-12 21:22:03','卧室',1,1,1,5),
 (5,NULL,'2011-06-12 21:25:19','2011-06-12 21:25:29','mother',1,1,1,7);
CREATE TABLE  `connect`.`osf_folders` (
  `_id` bigint(20) NOT NULL AUTO_INCREMENT,
  `_enabled` bit(1) DEFAULT NULL,
  `_entered` datetime NOT NULL,
  `_modified` datetime NOT NULL,
  `_name` varchar(255) NOT NULL,
  `_entered_by_id` bigint(20) NOT NULL,
  `_modified_by_id` bigint(20) NOT NULL,
  `_parent_id` bigint(20) DEFAULT NULL,
  `_project_id` bigint(20) NOT NULL,
  PRIMARY KEY (`_id`),
  KEY `FKC341A588F5F5AF1C` (`_parent_id`),
  KEY `FKC341A588FA11FB90` (`_entered_by_id`),
  KEY `FKC341A588ADE2AB90` (`_project_id`),
  KEY `FKC341A5888DB1780` (`_modified_by_id`)
) ENGINE=MyISAM AUTO_INCREMENT=2 DEFAULT CHARSET=utf8;
INSERT INTO `connect`.`osf_folders` VALUES  (1,0x00,'2011-06-09 14:11:59','2011-06-09 14:11:59','Documents',1,1,NULL,1);
CREATE TABLE  `connect`.`osf_forums` (
  `_id` bigint(20) NOT NULL AUTO_INCREMENT,
  `_allow_attachment` bit(1) DEFAULT NULL,
  `_description` varchar(255) DEFAULT NULL,
  `_enabled` bit(1) DEFAULT NULL,
  `_entered` datetime NOT NULL,
  `_level` int(11) DEFAULT NULL,
  `_modified` datetime NOT NULL,
  `_name` varchar(255) NOT NULL,
  `_entered_by_id` bigint(20) NOT NULL,
  `_modified_by_id` bigint(20) NOT NULL,
  `_project_id` bigint(20) NOT NULL,
  PRIMARY KEY (`_id`),
  KEY `FK401DDF4FFA11FB90` (`_entered_by_id`),
  KEY `FK401DDF4FADE2AB90` (`_project_id`),
  KEY `FK401DDF4F8DB1780` (`_modified_by_id`)
) ENGINE=MyISAM AUTO_INCREMENT=3 DEFAULT CHARSET=utf8;
INSERT INTO `connect`.`osf_forums` VALUES  (1,0x00,'',0x01,'2011-06-09 09:15:35',5,'2011-06-09 09:15:35','FAQ',1,1,1),
 (2,0x00,'',0x01,'2011-06-15 14:23:10',0,'2011-06-15 14:23:10','Java版块',1,1,8);
CREATE TABLE  `connect`.`osf_keywords` (
  `_id` bigint(20) NOT NULL AUTO_INCREMENT,
  `_entered` datetime DEFAULT NULL,
  `_keyword` varchar(255) NOT NULL,
  `_number` bigint(20) NOT NULL,
  `_type` varchar(255) NOT NULL,
  `_category_id` bigint(20) DEFAULT NULL,
  `_entered_by_id` bigint(20) DEFAULT NULL,
  PRIMARY KEY (`_id`),
  KEY `FKB299E44791C8ED4B` (`_category_id`),
  KEY `FKB299E447FA11FB90` (`_entered_by_id`)
) ENGINE=MyISAM DEFAULT CHARSET=utf8;
CREATE TABLE  `connect`.`osf_links` (
  `_id` bigint(20) NOT NULL AUTO_INCREMENT,
  `_enabled` bit(1) DEFAULT NULL,
  `_entity` varchar(255) NOT NULL,
  `_title` varchar(255) DEFAULT NULL,
  `_to_id` bigint(20) NOT NULL,
  `_from_id` bigint(20) NOT NULL,
  `_type` varchar(255) DEFAULT NULL,
  `_entered` datetime DEFAULT NULL,
  PRIMARY KEY (`_id`),
  KEY `FKAFCE983C4B929A81` (`_from_id`)
) ENGINE=MyISAM AUTO_INCREMENT=30 DEFAULT CHARSET=utf8;
INSERT INTO `connect`.`osf_links` VALUES  (20,0x01,'Topic',NULL,1,1,'favorite','2011-06-12 21:08:35'),
 (21,0x01,'Question',NULL,1,1,'favorite','2011-06-14 10:24:23'),
 (22,0x01,'Question',NULL,4,1,'favorite','2011-06-14 10:35:03'),
 (23,0x01,'Post',NULL,1,1,'favorite','2011-06-14 10:35:36'),
 (24,0x01,'Question',NULL,2,2,'favorite','2011-06-14 12:26:47'),
 (25,0x01,'Question',NULL,4,2,'favorite','2011-06-14 12:27:49'),
 (26,0x01,'Profile',NULL,2,1,'focus','2011-06-15 10:14:40'),
 (27,0x01,'Profile',NULL,3,2,'focus','2011-06-15 14:56:11'),
 (28,0x01,'Topic',NULL,2,2,'favorite','2011-06-15 15:00:19'),
 (29,0x01,'Profile',NULL,1,2,'focus','2011-06-16 11:37:58');
CREATE TABLE  `connect`.`osf_mail_settings` (
  `_id` bigint(20) NOT NULL AUTO_INCREMENT,
  `_enabled` bit(1) DEFAULT NULL,
  `_host` varchar(255) DEFAULT NULL,
  `_password` varchar(255) DEFAULT NULL,
  `_port` int(11) DEFAULT NULL,
  `_username` varchar(255) DEFAULT NULL,
  PRIMARY KEY (`_id`)
) ENGINE=MyISAM DEFAULT CHARSET=utf8;
CREATE TABLE  `connect`.`osf_maps` (
  `_id` bigint(20) NOT NULL AUTO_INCREMENT,
  `_depth` int(11) DEFAULT NULL,
  `_latitude` varchar(255) DEFAULT NULL,
  `_longitude` varchar(255) DEFAULT NULL,
  `_scrollable` bit(1) DEFAULT NULL,
  `_show_search` bit(1) DEFAULT NULL,
  `_show_street` bit(1) DEFAULT NULL,
  `_show_traffic` bit(1) DEFAULT NULL,
  `_project_id` bigint(20) DEFAULT NULL,
  PRIMARY KEY (`_id`),
  KEY `FK818B21B4ADE2AB90` (`_project_id`)
) ENGINE=MyISAM DEFAULT CHARSET=utf8;
CREATE TABLE  `connect`.`osf_markers` (
  `_id` bigint(20) NOT NULL AUTO_INCREMENT,
  `_description` varchar(255) DEFAULT NULL,
  `_draggable` bit(1) DEFAULT NULL,
  `_enabled` bit(1) DEFAULT NULL,
  `_latitude` varchar(255) DEFAULT NULL,
  `_longitude` varchar(255) DEFAULT NULL,
  `_icon_id` bigint(20) DEFAULT NULL,
  `_map_id` bigint(20) DEFAULT NULL,
  PRIMARY KEY (`_id`),
  KEY `FK1E01273C19C95EB1` (`_map_id`),
  KEY `FK1E01273CA29BD21` (`_icon_id`)
) ENGINE=MyISAM DEFAULT CHARSET=utf8;
CREATE TABLE  `connect`.`osf_messages` (
  `_id` bigint(20) NOT NULL AUTO_INCREMENT,
  `_content` longtext NOT NULL,
  `_entered` datetime NOT NULL,
  `_read` bit(1) DEFAULT NULL,
  `_subject` varchar(255) NOT NULL,
  `_entered_by_id` bigint(20) NOT NULL,
  `_from_id` bigint(20) NOT NULL,
  `_read_by_id` bigint(20) DEFAULT NULL,
  `_to_id` bigint(20) NOT NULL,
  PRIMARY KEY (`_id`),
  KEY `FK77E045E9CAB7480D` (`_read_by_id`),
  KEY `FK77E045E98B22A250` (`_to_id`),
  KEY `FK77E045E94B929A81` (`_from_id`),
  KEY `FK77E045E9FA11FB90` (`_entered_by_id`)
) ENGINE=MyISAM AUTO_INCREMENT=16 DEFAULT CHARSET=utf8;
INSERT INTO `connect`.`osf_messages` VALUES  (1,'test subject...','2011-06-08 15:45:03',0x01,'test',2,2,1,1),
 (2,'juet reply your message!','2011-06-12 21:42:02',0x00,'RE:test',1,1,NULL,2),
 (3,'this is a test message','2011-06-12 21:58:49',0x00,'test message',1,1,NULL,2),
 (4,'reply a test message','2011-06-12 21:59:21',0x00,'RE:test',1,1,NULL,2),
 (5,'reply a test message','2011-06-12 21:59:44',0x00,'RE:test',1,1,NULL,2),
 (6,'reply a test message','2011-06-12 21:59:55',0x00,'RE:test',1,1,NULL,2),
 (7,'reply a test message','2011-06-12 21:59:56',0x00,'RE:test',1,1,NULL,2),
 (8,'haha','2011-06-12 22:02:44',0x00,'RE:test',1,1,NULL,2),
 (9,'haha','2011-06-12 22:04:37',0x00,'RE:test',1,1,NULL,2),
 (10,'sdfafwe','2011-06-12 22:05:57',0x00,'RE:test',1,1,NULL,2),
 (11,'sfdaewafw','2011-06-12 22:06:34',0x00,'RE:test',1,1,NULL,2),
 (12,'hello','2011-06-12 22:06:47',0x00,'RE:test',1,1,NULL,2),
 (13,'nnd','2011-06-12 22:08:48',0x00,'RE:test',1,1,NULL,2),
 (14,'qwwqrw','2011-06-12 22:16:19',0x00,'RE:test',1,1,NULL,2),
 (15,'给你留言了','2011-06-15 10:14:54',0x00,'hah',1,1,NULL,2);
CREATE TABLE  `connect`.`osf_permissions` (
  `_id` bigint(20) NOT NULL AUTO_INCREMENT,
  `_enabled` bit(1) DEFAULT NULL,
  `_category_id` bigint(20) NOT NULL,
  `_resource_id` bigint(20) NOT NULL,
  `_role_id` bigint(20) NOT NULL,
  PRIMARY KEY (`_id`),
  KEY `FK93788EC772C99D44` (`_role_id`),
  KEY `FK93788EC791C8ED4B` (`_category_id`),
  KEY `FK93788EC7B73B2144` (`_resource_id`)
) ENGINE=MyISAM AUTO_INCREMENT=121 DEFAULT CHARSET=utf8;
INSERT INTO `connect`.`osf_permissions` VALUES  (1,0x01,1,43,2),
 (2,0x01,1,44,1),
 (3,0x01,1,45,3),
 (4,0x01,1,47,1),
 (5,0x01,1,48,1),
 (6,0x01,1,49,3),
 (7,0x01,1,57,3),
 (8,0x01,1,58,1),
 (9,0x01,1,59,3),
 (10,0x01,1,6,1),
 (11,0x01,1,7,1),
 (12,0x01,1,8,2),
 (13,0x01,1,30,2),
 (14,0x01,1,27,1),
 (15,0x01,1,29,1),
 (16,0x01,1,28,3),
 (17,0x01,1,31,1),
 (18,0x01,1,32,1),
 (19,0x01,1,33,3),
 (20,0x01,1,17,1),
 (21,0x01,1,18,1),
 (22,0x01,1,19,3),
 (23,0x01,1,35,1),
 (24,0x01,1,36,1),
 (25,0x01,1,37,2),
 (26,0x01,1,39,3),
 (27,0x01,1,40,1),
 (28,0x01,1,41,1),
 (29,0x01,1,50,1),
 (30,0x01,1,51,1),
 (31,0x01,1,52,3),
 (32,0x01,1,10,1),
 (33,0x01,1,13,1),
 (34,0x01,1,14,1),
 (35,0x01,1,15,3),
 (36,0x01,1,11,1),
 (37,0x01,1,12,3),
 (38,0x01,1,2,1),
 (39,0x01,1,3,1),
 (40,0x01,1,4,3),
 (41,0x01,1,42,1),
 (42,0x01,1,9,3),
 (43,0x01,1,5,2),
 (44,0x01,1,16,3),
 (45,0x01,1,26,3),
 (46,0x01,1,46,3),
 (47,0x01,1,53,3),
 (48,0x01,1,38,1),
 (49,0x01,1,1,3),
 (50,0x01,1,34,2),
 (51,0x01,1,54,3),
 (52,0x01,1,55,1),
 (53,0x01,1,56,3),
 (54,0x01,1,23,3),
 (55,0x01,1,24,1),
 (56,0x01,1,25,3),
 (57,0x01,1,20,3),
 (58,0x01,1,21,1),
 (59,0x01,1,22,3),
 (60,0x01,1,60,2),
 (61,0x01,2,43,5),
 (62,0x01,2,44,4),
 (63,0x01,2,45,6),
 (64,0x01,2,47,4),
 (65,0x01,2,48,4),
 (66,0x01,2,49,5),
 (67,0x01,2,57,6),
 (68,0x01,2,58,4),
 (69,0x01,2,59,6),
 (70,0x01,2,6,4),
 (71,0x01,2,7,4),
 (72,0x01,2,8,5),
 (73,0x01,2,30,5),
 (74,0x01,2,27,4),
 (75,0x01,2,29,5),
 (76,0x01,2,28,5),
 (77,0x01,2,31,4),
 (78,0x01,2,32,4),
 (79,0x01,2,33,5),
 (80,0x01,2,17,4),
 (81,0x01,2,18,4),
 (82,0x01,2,19,6),
 (83,0x01,2,35,4),
 (84,0x01,2,36,4),
 (85,0x01,2,37,5),
 (86,0x01,2,39,4),
 (87,0x01,2,40,4),
 (88,0x01,2,41,4),
 (89,0x01,2,50,5),
 (90,0x01,2,51,4),
 (91,0x01,2,52,5),
 (92,0x01,2,10,5),
 (93,0x01,2,13,4),
 (94,0x01,2,14,4),
 (95,0x01,2,15,6),
 (96,0x01,2,11,4),
 (97,0x01,2,12,6),
 (98,0x01,2,2,4),
 (99,0x01,2,3,4),
 (100,0x01,2,4,6),
 (101,0x01,2,42,4),
 (102,0x01,2,9,6),
 (103,0x01,2,5,5),
 (104,0x01,2,16,6),
 (105,0x01,2,26,5),
 (106,0x01,2,46,5),
 (107,0x01,2,53,6),
 (108,0x01,2,60,5),
 (109,0x01,2,38,4),
 (110,0x01,2,1,6),
 (111,0x01,2,34,5),
 (112,0x01,2,54,6),
 (113,0x01,2,55,4),
 (114,0x01,2,56,6),
 (115,0x01,2,23,6),
 (116,0x01,2,24,4),
 (117,0x01,2,25,6),
 (118,0x01,2,20,6),
 (119,0x01,2,21,4),
 (120,0x01,2,22,6);
CREATE TABLE  `connect`.`osf_photos` (
  `_id` bigint(20) NOT NULL AUTO_INCREMENT,
  `_entered` datetime DEFAULT NULL,
  `_modified` datetime DEFAULT NULL,
  `_name` varchar(255) DEFAULT NULL,
  `_album_id` bigint(20) NOT NULL,
  `_entered_by_id` bigint(20) NOT NULL,
  `_modified_by_id` bigint(20) NOT NULL,
  `_real_file_id` bigint(20) NOT NULL,
  PRIMARY KEY (`_id`),
  KEY `FK50CA505E37D54C87` (`_album_id`),
  KEY `FK50CA505E402E06BB` (`_real_file_id`),
  KEY `FK50CA505EFA11FB90` (`_entered_by_id`),
  KEY `FK50CA505E8DB1780` (`_modified_by_id`)
) ENGINE=MyISAM AUTO_INCREMENT=6 DEFAULT CHARSET=utf8;
INSERT INTO `connect`.`osf_photos` VALUES  (1,'2011-06-09 14:13:39','2011-06-09 14:13:39','DSC01635',1,1,1,2),
 (2,'2011-06-09 14:13:46','2011-06-09 14:13:46','DSC01641',1,1,1,3),
 (3,NULL,'2011-06-12 21:33:45','tree',1,1,1,8),
 (4,NULL,'2011-06-12 21:34:08','haha',1,1,1,9),
 (5,'2011-06-15 10:10:58','2011-06-15 10:10:58','DSC01645',2,1,1,10);
CREATE TABLE  `connect`.`osf_post_categories` (
  `_id` bigint(20) NOT NULL AUTO_INCREMENT,
  `_code` varchar(255) DEFAULT NULL,
  `_enabled` bit(1) DEFAULT NULL,
  `_label` varchar(255) NOT NULL,
  `_level` int(11) DEFAULT NULL,
  `_project_id` bigint(20) NOT NULL,
  PRIMARY KEY (`_id`),
  KEY `FKC1E21FDEADE2AB90` (`_project_id`)
) ENGINE=MyISAM AUTO_INCREMENT=2 DEFAULT CHARSET=utf8;
INSERT INTO `connect`.`osf_post_categories` VALUES  (1,NULL,0x01,'杂七杂八',0,1);
CREATE TABLE  `connect`.`osf_posts` (
  `_id` bigint(20) NOT NULL AUTO_INCREMENT,
  `_content` longtext NOT NULL,
  `_enabled` bit(1) DEFAULT NULL,
  `_entered` datetime DEFAULT NULL,
  `_keywords` varchar(255) DEFAULT NULL,
  `_modified` datetime DEFAULT NULL,
  `_title` varchar(255) NOT NULL,
  `_top` bit(1) DEFAULT NULL,
  `_type` varchar(255) NOT NULL,
  `_category_id` bigint(20) DEFAULT NULL,
  `_entered_by_id` bigint(20) NOT NULL,
  `_modified_by_id` bigint(20) NOT NULL,
  `_project_id` bigint(20) NOT NULL,
  PRIMARY KEY (`_id`),
  KEY `FKB009C456CD8B5B71` (`_category_id`),
  KEY `FKB009C456FA11FB90` (`_entered_by_id`),
  KEY `FKB009C456ADE2AB90` (`_project_id`),
  KEY `FKB009C4568DB1780` (`_modified_by_id`)
) ENGINE=MyISAM AUTO_INCREMENT=2 DEFAULT CHARSET=utf8;
INSERT INTO `connect`.`osf_posts` VALUES  (1,'<p>四&nbsp;系统自动创建新的autorelease pool</p><p>在生成新的Run Loop的时候，系统会自动创建新的autorelease pool（非常感谢网友hhyytt和neogui的提醒）。注意，此处不同于xcode在新建项目时自动生成的代码中加入的autorelease pool，xcode生成的代码可以被删除，但系统自动创建的新的autorelease pool是无法删除的（对于无Garbage Collection的环境来说）。Objective-C没有给出实现代码，官方文档也没有说明，但我们可以通过小程序来证明。</p><p>在这个小程序中，我们先生成了一个autorelease pool，然后生成一个autorelease的ClassA的实例，再在一个新的run loop中生成一个autorelease的ClassB的对象（注意，我们并没有手动在新run loop中生成autorelease pool）。精简的示例代码如下，详细代码请见附件中的memman-run-loop-with-pool.m。</p><p>int main(int argc, char**argv)&nbsp;</p><p>{</p><p>&nbsp;&nbsp;&nbsp;&nbsp;&nbsp;&nbsp;&nbsp;&nbsp;&nbsp;NSLog(@&quot;create an autorelasePool\\n&quot;);</p><p>&nbsp;&nbsp;&nbsp;&nbsp;&nbsp;&nbsp;&nbsp;&nbsp;&nbsp;NSAutoreleasePool *pool = [[NSAutoreleasePool alloc] init];&nbsp;&nbsp;&nbsp;</p><p>&nbsp;</p><p>&nbsp;&nbsp;&nbsp;&nbsp;&nbsp;&nbsp;&nbsp;&nbsp;&nbsp;NSLog(@&quot;create an instance of ClassA and autorelease\\n&quot;);</p><p>&nbsp;&nbsp;&nbsp;&nbsp;&nbsp;&nbsp;&nbsp;&nbsp;&nbsp;ClassA *obj1 = [[[ClassA alloc] init] autorelease];</p><p>&nbsp;&nbsp;&nbsp;&nbsp;&nbsp;&nbsp;&nbsp;&nbsp;&nbsp;NSDate *now = [[NSDate alloc] init];</p><p>&nbsp;&nbsp;&nbsp;&nbsp;&nbsp;&nbsp;&nbsp;&nbsp;&nbsp;NSTimer *timer = [[NSTimer alloc] initWithFireDate:now</p><p>&nbsp;&nbsp;&nbsp;&nbsp;&nbsp;&nbsp;&nbsp;&nbsp;&nbsp;&nbsp;&nbsp;&nbsp;&nbsp;&nbsp;&nbsp;&nbsp;&nbsp;&nbsp;&nbsp;interval:0.0</p><p>&nbsp;&nbsp;&nbsp;&nbsp;&nbsp;&nbsp;&nbsp;&nbsp;&nbsp;&nbsp;&nbsp;&nbsp;&nbsp;&nbsp;&nbsp;&nbsp;&nbsp;&nbsp;&nbsp;target:obj1</p><p>&nbsp;&nbsp;&nbsp;&nbsp;&nbsp;&nbsp;&nbsp;&nbsp;&nbsp;&nbsp;&nbsp;&nbsp;&nbsp;&nbsp;&nbsp;&nbsp;&nbsp;&nbsp;&nbsp;selector:@selector(createClassB)</p><p>&nbsp;&nbsp;&nbsp;&nbsp;&nbsp;&nbsp;&nbsp;&nbsp;&nbsp;&nbsp;&nbsp;&nbsp;&nbsp;&nbsp;&nbsp;&nbsp;&nbsp;&nbsp;&nbsp;userInfo:nil</p><p>&nbsp;&nbsp;&nbsp;&nbsp;&nbsp;&nbsp;&nbsp;&nbsp;&nbsp;&nbsp;&nbsp;&nbsp;&nbsp;&nbsp;&nbsp;&nbsp;&nbsp;&nbsp;&nbsp;repeats:NO];</p><p>&nbsp;&nbsp;&nbsp;&nbsp;&nbsp;&nbsp;&nbsp;&nbsp;&nbsp;NSRunLoop *runLoop = [NSRunLoop currentRunLoop];</p><p>&nbsp;&nbsp;&nbsp;&nbsp;&nbsp;&nbsp;&nbsp;&nbsp;&nbsp;[runLoop addTimer:timer forMode:NSDefaultRunLoopMode];</p><p>&nbsp;&nbsp;&nbsp;&nbsp;&nbsp;&nbsp;&nbsp;&nbsp;&nbsp;[timer release];</p><p>&nbsp;&nbsp;&nbsp;&nbsp;&nbsp;&nbsp;&nbsp;&nbsp;&nbsp;[now release];</p><p>&nbsp;&nbsp;&nbsp;&nbsp;&nbsp;&nbsp;&nbsp;&nbsp;&nbsp;[runLoop run]; //在新loop中调用一函数，生成ClassB的autorelease实例</p><p>&nbsp;</p><p>&nbsp;&nbsp;&nbsp;&nbsp;&nbsp;&nbsp;&nbsp;&nbsp;&nbsp;NSLog(@&quot;releasing autorelasePool\\n&quot;);</p><p>&nbsp;&nbsp;&nbsp;&nbsp;&nbsp;&nbsp;&nbsp;&nbsp;&nbsp;[pool release];</p><p>&nbsp;&nbsp;&nbsp;&nbsp;&nbsp;&nbsp;&nbsp;&nbsp;&nbsp;NSLog(@&quot;autorelasePool is released\\n&quot;);</p><p>&nbsp;&nbsp;&nbsp;&nbsp;&nbsp;&nbsp;&nbsp;&nbsp;&nbsp;return 0;</p><p>}&nbsp;</p><p>输出如下：</p><p>create an autorelasePool</p><p>create an instance of ClassA and autorelease</p><p>create an instance of ClassB and autorelease</p><p>ClassB destroyed</p><p>releasing autorelasePool</p><p>ClassA destroyed</p><p>autorelasePool is released</p><p>注意在我们销毁autorelease pool之前，ClassB的autorelease实例就已经被销毁了。</p><p>有人可能会说，这并不能说明新的run loop自动生成了一个新的autorelease pool，说不定还只是用了老的autorelease pool，只不过后来drain了一次而已。我们可以在main函数中不生成autorelease pool。精简的示例代码如下，详细代码请见附件中的memman-run-loop-without-pool.m。</p><p>int main(int argc, char**argv)&nbsp;</p><p>{</p><p>&nbsp;&nbsp;&nbsp;&nbsp;&nbsp;&nbsp;&nbsp;&nbsp;&nbsp;NSLog(@&quot;No autorelasePool created\\n&quot;);</p><p>&nbsp;</p><p>&nbsp;&nbsp;&nbsp;&nbsp;&nbsp;&nbsp;&nbsp;&nbsp;&nbsp;NSLog(@&quot;create an instance of ClassA\\n&quot;);</p><p>&nbsp;&nbsp;&nbsp;&nbsp;&nbsp;&nbsp;&nbsp;&nbsp;&nbsp;ClassA *obj1 = [[ClassA alloc] init];</p><p>&nbsp;&nbsp;&nbsp;&nbsp;&nbsp;&nbsp;&nbsp;&nbsp;&nbsp;NSDate *now = [[NSDate alloc] init];</p><p>&nbsp;&nbsp;&nbsp;&nbsp;&nbsp;&nbsp;&nbsp;&nbsp;&nbsp;NSTimer *timer = [[NSTimer alloc] initWithFireDate:now</p><p>&nbsp;&nbsp;&nbsp;&nbsp;&nbsp;&nbsp;&nbsp;&nbsp;&nbsp;&nbsp;&nbsp;&nbsp;&nbsp;&nbsp;&nbsp;&nbsp;&nbsp;&nbsp;&nbsp;interval:0.0</p><p>&nbsp;&nbsp;&nbsp;&nbsp;&nbsp;&nbsp;&nbsp;&nbsp;&nbsp;&nbsp;&nbsp;&nbsp;&nbsp;&nbsp;&nbsp;&nbsp;&nbsp;&nbsp;&nbsp;target:obj1</p><p>&nbsp;&nbsp;&nbsp;&nbsp;&nbsp;&nbsp;&nbsp;&nbsp;&nbsp;&nbsp;&nbsp;&nbsp;&nbsp;&nbsp;&nbsp;&nbsp;&nbsp;&nbsp;&nbsp;selector:@selector(createClassB)</p><p>&nbsp;&nbsp;&nbsp;&nbsp;&nbsp;&nbsp;&nbsp;&nbsp;&nbsp;&nbsp;&nbsp;&nbsp;&nbsp;&nbsp;&nbsp;&nbsp;&nbsp;&nbsp;&nbsp;userInfo:nil</p><p>&nbsp;&nbsp;&nbsp;&nbsp;&nbsp;&nbsp;&nbsp;&nbsp;&nbsp;&nbsp;&nbsp;&nbsp;&nbsp;&nbsp;&nbsp;&nbsp;&nbsp;&nbsp;&nbsp;repeats:NO];</p><p>&nbsp;&nbsp;&nbsp;&nbsp;&nbsp;&nbsp;&nbsp;&nbsp;&nbsp;NSRunLoop *runLoop = [NSRunLoop currentRunLoop];</p><p>&nbsp;&nbsp;&nbsp;&nbsp;&nbsp;&nbsp;&nbsp;&nbsp;&nbsp;[runLoop addTimer:timer forMode:NSDefaultRunLoopMode];</p><p>&nbsp;&nbsp;&nbsp;&nbsp;&nbsp;&nbsp;&nbsp;&nbsp;&nbsp;[timer release];</p><p>&nbsp;&nbsp;&nbsp;&nbsp;&nbsp;&nbsp;&nbsp;&nbsp;&nbsp;[now release];</p><p>&nbsp;&nbsp;&nbsp;&nbsp;&nbsp;&nbsp;&nbsp;&nbsp;&nbsp;[runLoop run]; //在新loop中调用一函数，生成ClassB的autorelease实例</p><p>&nbsp;&nbsp;&nbsp;&nbsp;&nbsp;&nbsp;&nbsp;&nbsp;&nbsp;NSLog(@&quot;Manually release the instance of ClassA\\n&quot;);</p><p>&nbsp;&nbsp;&nbsp;&nbsp;&nbsp;&nbsp;&nbsp;&nbsp;&nbsp;[obj1 release];</p><p>&nbsp;</p><p>&nbsp;&nbsp;&nbsp;&nbsp;&nbsp;&nbsp;&nbsp;&nbsp;&nbsp;return 0;</p><p>}&nbsp;</p><p>输出如下：</p><p>No autorelasePool created</p><p>create an instance of ClassA</p><p>create an instance of ClassB and autorelease</p><p>ClassB destroyed</p><p>Manually release the instance of ClassA</p><p>ClassA destroyed</p><p>我们可以看出来，我们并没有创建任何autorelease pool，可是ClassB的实例依然被自动销毁了，这说明新的run loop自动创建了一个autorelease pool，这个pool在新的run loop结束的时候会销毁自己（并自动release所包含的对象）。</p><p>&nbsp;</p><p>补充说明</p><p>在研究retain count的时候，我不建议用NSString。因为在下面的语句中，</p><p>NSString *str1 = @”constant string”;</p><p>str1的retain count是个很大的数字。Objective-C对常量字符串做了特殊处理。</p><p>当然，如果你这样创建NSString，得到的retain count依然为1</p><p>NSString *str2 = [NSString stringWithFormat:@”123”];</p>',NULL,'2011-06-09 13:57:56','','2011-06-09 13:57:56','那些同的会议',0x00,'original',1,1,1,1);
CREATE TABLE  `connect`.`osf_profiles` (
  `_id` bigint(20) NOT NULL AUTO_INCREMENT,
  `_attributes` longtext,
  `_description` longtext,
  `_entered` datetime DEFAULT NULL,
  `_modified` datetime DEFAULT NULL,
  `_short_description` longtext,
  `_title` varchar(255) NOT NULL,
  `_entered_by_id` bigint(20) NOT NULL,
  `_logo_id` bigint(20) DEFAULT NULL,
  `_modified_by_id` bigint(20) NOT NULL,
  `_project_id` bigint(20) NOT NULL,
  PRIMARY KEY (`_id`),
  KEY `FK57ADF087FA11FB90` (`_entered_by_id`),
  KEY `FK57ADF087ADE2AB90` (`_project_id`),
  KEY `FK57ADF0878DB1780` (`_modified_by_id`),
  KEY `FK57ADF087BCE64EAF` (`_logo_id`)
) ENGINE=MyISAM AUTO_INCREMENT=4 DEFAULT CHARSET=utf8;
INSERT INTO `connect`.`osf_profiles` VALUES  (1,'','','2011-05-31 15:35:02','2011-06-12 17:26:35','class=\"ajaxAction\"class=\"ajaxAction\"\r\nclass=\"ajaxAction\"class=\"ajaxAction\"\r\nclass=\"ajaxAction\"class=\"ajaxAction\"\r\nclass=\"ajaxAction\"class=\"ajaxAction\"\r\nclass=\"ajaxAction\"class=\"ajaxAction\"\r\nclass=\"ajaxAction\"class=\"ajaxAction\"\r\nclass=\"ajaxAction\"class=\"ajaxAction\"\r\nclass=\"ajaxAction\"class=\"ajaxAction\"\r\nclass=\"ajaxAction\"class=\"ajaxAction\"\r\nclass=\"ajaxAction\"class=\"ajaxAction\"','Gavin Hu',1,NULL,1,1),
 (2,'','','2011-06-08 15:41:38','2011-06-16 11:35:55','I am gavin','HaozhongHu',2,NULL,2,2),
 (3,NULL,NULL,'2011-06-14 23:26:11','2011-06-14 23:26:11',NULL,'Java',1,NULL,1,8);
CREATE TABLE  `connect`.`osf_project_categories` (
  `_id` bigint(20) NOT NULL AUTO_INCREMENT,
  `_code` varchar(255) NOT NULL,
  `_enabled` bit(1) DEFAULT NULL,
  `_label` varchar(255) NOT NULL,
  `_level` int(11) DEFAULT NULL,
  `_sensitive` bit(1) DEFAULT NULL,
  `_site_id` bigint(20) NOT NULL,
  `_parent_id` bigint(20) DEFAULT NULL,
  PRIMARY KEY (`_id`),
  KEY `FKEBC97B5F7DDB8E5F` (`_parent_id`),
  KEY `FKEBC97B5F9DE3DFA4` (`_site_id`)
) ENGINE=MyISAM AUTO_INCREMENT=3 DEFAULT CHARSET=utf8;
INSERT INTO `connect`.`osf_project_categories` VALUES  (1,'people',0x01,'成员',5,0x00,1,NULL),
 (2,'groups',0x01,'圈子',0,0x00,1,NULL);
CREATE TABLE  `connect`.`osf_project_features` (
  `_id` bigint(20) NOT NULL AUTO_INCREMENT,
  `_code` varchar(255) NOT NULL,
  `_label` varchar(255) DEFAULT NULL,
  `_level` int(11) DEFAULT NULL,
  `_show` bit(1) DEFAULT NULL,
  `_project_id` bigint(20) NOT NULL,
  `_role_id` bigint(20) NOT NULL,
  PRIMARY KEY (`_id`),
  KEY `FKBBB18E4072C99D44` (`_role_id`),
  KEY `FKBBB18E40ADE2AB90` (`_project_id`)
) ENGINE=MyISAM AUTO_INCREMENT=35 DEFAULT CHARSET=utf8;
INSERT INTO `connect`.`osf_project_features` VALUES  (1,'profile','个人主页',0,0x01,1,3),
 (2,'knowledge','问答',1,0x01,1,3),
 (3,'calendar','日历',2,0x01,1,2),
 (4,'blog','博客',3,0x01,1,3),
 (5,'gallery','相册',4,0x01,1,3),
 (6,'discussion','讨论',5,0x01,1,3),
 (7,'document','文档',6,0x01,1,2),
 (8,'team','好友',7,0x01,1,3),
 (9,'message','消息',8,0x01,1,1),
 (10,'admin','管理',9,0x01,1,1),
 (11,'profile','个人主页',0,0x01,2,3),
 (12,'knowledge','问答',1,0x01,2,3),
 (13,'calendar','日历',2,0x01,2,2),
 (14,'blog','博客',3,0x01,2,3),
 (15,'gallery','相册',4,0x01,2,3),
 (16,'discussion','讨论',5,0x01,2,3),
 (17,'document','文档',6,0x01,2,2),
 (18,'team','好友',7,0x01,2,3),
 (19,'message','消息',8,0x01,2,1),
 (20,'admin','管理',9,0x01,2,1),
 (21,'list','收藏夹',4,0x01,1,2),
 (22,'list','收藏夹',4,0x01,2,2),
 (23,'profile','主页',0,0x01,7,6),
 (24,'knowledge','问答',1,0x01,8,6),
 (25,'calendar','日历',2,0x01,8,5),
 (26,'blog','博客',3,0x01,8,6),
 (27,'list','收藏夹',4,0x01,8,5),
 (28,'gallery','相册',5,0x01,8,6),
 (29,'discussion','讨论',6,0x01,8,6),
 (30,'document','文档',7,0x01,8,5),
 (31,'team','成员',8,0x01,8,6),
 (32,'message','消息',9,0x01,8,4),
 (33,'admin','管理',10,0x01,8,4),
 (34,'profile','主页',0,0x01,8,6);
CREATE TABLE  `connect`.`osf_projects` (
  `_id` bigint(20) NOT NULL AUTO_INCREMENT,
  `_enabled` bit(1) DEFAULT NULL,
  `_entered` datetime NOT NULL,
  `_modified` datetime NOT NULL,
  `_publish` bit(1) DEFAULT NULL,
  `_title` varchar(255) NOT NULL,
  `_unique_id` varchar(255) NOT NULL,
  `_category_id` bigint(20) NOT NULL,
  `_entered_by_id` bigint(20) DEFAULT NULL,
  `_modified_by_id` bigint(20) DEFAULT NULL,
  `_sub_category1_id` bigint(20) DEFAULT NULL,
  `_sub_category2_id` bigint(20) DEFAULT NULL,
  `_sub_category3_id` bigint(20) DEFAULT NULL,
  PRIMARY KEY (`_id`),
  UNIQUE KEY `_unique_id` (`_unique_id`),
  KEY `FK57E45D17C2E9DEF3` (`_sub_category1_id`),
  KEY `FK57E45D1791C8ED4B` (`_category_id`),
  KEY `FK57E45D17C2EA5352` (`_sub_category2_id`),
  KEY `FK57E45D17FA11FB90` (`_entered_by_id`),
  KEY `FK57E45D17C2EAC7B1` (`_sub_category3_id`),
  KEY `FK57E45D178DB1780` (`_modified_by_id`)
) ENGINE=MyISAM AUTO_INCREMENT=9 DEFAULT CHARSET=utf8;
INSERT INTO `connect`.`osf_projects` VALUES  (1,0x00,'2011-05-31 15:35:02','2011-06-03 18:29:32',0x01,'Gavin Hu','gavin-hu',1,1,1,NULL,NULL,NULL),
 (2,0x01,'2011-06-08 15:41:38','2011-06-08 15:41:38',0x01,'HaozhongHu','haozhonghu',1,2,2,NULL,NULL,NULL),
 (3,0x00,'2011-06-14 22:16:39','2011-06-14 22:16:39',0x01,'Eclipse','eclipse',2,1,1,NULL,NULL,NULL),
 (4,0x00,'2011-06-14 22:51:08','2011-06-14 22:51:08',0x01,'Java','java',2,1,1,NULL,NULL,NULL),
 (5,0x00,'2011-06-14 23:10:55','2011-06-14 23:10:55',0x01,'Java','java-5',2,1,1,NULL,NULL,NULL),
 (6,0x00,'2011-06-14 23:18:28','2011-06-14 23:18:28',0x01,'Java','java-6',2,1,1,NULL,NULL,NULL),
 (7,0x00,'2011-06-14 23:24:10','2011-06-14 23:24:10',0x01,'Java','java-7',2,1,1,NULL,NULL,NULL),
 (8,0x00,'2011-06-14 23:26:11','2011-06-14 23:26:11',0x01,'Java','java-8',2,1,1,NULL,NULL,NULL);
CREATE TABLE  `connect`.`osf_questions` (
  `_id` bigint(20) NOT NULL AUTO_INCREMENT,
  `_content` longtext NOT NULL,
  `_entered` datetime DEFAULT NULL,
  `_modified` datetime DEFAULT NULL,
  `_title` varchar(255) NOT NULL,
  `_answer_id` bigint(20) DEFAULT NULL,
  `_entered_by_id` bigint(20) NOT NULL,
  `_modified_by_id` bigint(20) NOT NULL,
  `_project_id` bigint(20) NOT NULL,
  `_views` bigint(20) DEFAULT NULL,
  `_votes` bigint(20) DEFAULT NULL,
  `_answers_size` int(11) DEFAULT NULL,
  PRIMARY KEY (`_id`),
  KEY `FK6FC29050FA11FB90` (`_entered_by_id`),
  KEY `FK6FC29050ADE2AB90` (`_project_id`),
  KEY `FK6FC290508DB1780` (`_modified_by_id`),
  KEY `FK6FC29050DA978141` (`_answer_id`)
) ENGINE=MyISAM AUTO_INCREMENT=7 DEFAULT CHARSET=utf8;
INSERT INTO `connect`.`osf_questions` VALUES  (1,'这是一个简单的问题','2011-06-03 10:09:49','2011-06-17 15:33:16','简单问题',NULL,1,1,1,206,NULL,0),
 (2,'asdfafewaf','2011-06-03 10:39:14','2011-06-15 13:04:52','adaf',NULL,1,1,1,105,NULL,1),
 (5,'asdfafewaf','2011-06-14 21:46:20','2011-06-14 21:46:21','dfafeawefw',NULL,1,1,1,1,NULL,0),
 (3,'我来提个问题...','2011-06-08 16:33:19','2011-06-08 17:30:36','测试问题',NULL,1,1,2,22,NULL,0),
 (4,'随便来个问题吧<br />','2011-06-12 20:45:56','2011-06-17 14:57:58','随便问题',NULL,1,1,1,14,NULL,0),
 (6,'我们唱到眼睛都红了','2011-06-15 09:57:42','2011-06-15 19:10:34','怎么唱情歌',NULL,1,1,8,6,NULL,0);
CREATE TABLE  `connect`.`osf_rating` (
  `_id` bigint(20) NOT NULL AUTO_INCREMENT,
  `_entered` datetime NOT NULL,
  `_linked_id` bigint(20) NOT NULL,
  `_rating` int(11) NOT NULL,
  `_target` varchar(255) NOT NULL,
  `_entered_by_id` bigint(20) NOT NULL,
  PRIMARY KEY (`_id`),
  KEY `FK53D3797AFA11FB90` (`_entered_by_id`)
) ENGINE=MyISAM DEFAULT CHARSET=utf8;
CREATE TABLE  `connect`.`osf_replies` (
  `_id` bigint(20) NOT NULL AUTO_INCREMENT,
  `_content` varchar(255) NOT NULL,
  `_enabled` bit(1) DEFAULT NULL,
  `_entered` datetime NOT NULL,
  `_modified` datetime DEFAULT NULL,
  `_subject` varchar(255) NOT NULL,
  `_entered_by_id` bigint(20) NOT NULL,
  `_modified_by_id` bigint(20) DEFAULT NULL,
  `_quote_id` bigint(20) DEFAULT NULL,
  `_topic_id` bigint(20) NOT NULL,
  PRIMARY KEY (`_id`),
  KEY `FK2D3804CBFA11FB90` (`_entered_by_id`),
  KEY `FK2D3804CB9CC52D89` (`_topic_id`),
  KEY `FK2D3804CB8DB1780` (`_modified_by_id`),
  KEY `FK2D3804CBA14D62D7` (`_quote_id`)
) ENGINE=MyISAM AUTO_INCREMENT=2 DEFAULT CHARSET=utf8;
INSERT INTO `connect`.`osf_replies` VALUES  (1,'什么时候切换阿',NULL,'2011-06-15 15:00:17','2011-06-15 15:00:17','RE: FocusSNS',2,2,NULL,2);
CREATE TABLE  `connect`.`osf_resources` (
  `_id` bigint(20) NOT NULL AUTO_INCREMENT,
  `_code` varchar(255) NOT NULL,
  `_description` varchar(255) DEFAULT NULL,
  `_enabled` bit(1) DEFAULT NULL,
  `_name` varchar(255) NOT NULL,
  PRIMARY KEY (`_id`),
  UNIQUE KEY `_code` (`_code`)
) ENGINE=MyISAM AUTO_INCREMENT=61 DEFAULT CHARSET=utf8;
INSERT INTO `connect`.`osf_resources` VALUES  (1,'project-profile-view','',0x01,'Profile模块浏览'),
 (2,'profile-add','',0x01,'主页添加'),
 (3,'profile-edit','',0x01,'主页编辑'),
 (4,'profile-view','',0x01,'主页查看'),
 (5,'project-calendar-view','',0x01,'Calendar模块浏览'),
 (6,'event-add','',0x01,'日历添加'),
 (7,'event-edit','',0x01,'日历编辑'),
 (8,'event-view','',0x01,'日历查看'),
 (9,'project-blog-view','',0x01,'Blog模块浏览'),
 (10,'post-add','',0x01,'博文添加'),
 (11,'post-edit','',0x01,'博文编辑'),
 (12,'post-view','',0x01,'博文查看'),
 (13,'post-category-add','',0x01,'博客分类添加'),
 (14,'post-category-edit','',0x01,'博客分类编辑'),
 (15,'post-category-view','',0x01,'博客分类查看'),
 (16,'project-discussion-view','',0x01,'Discussion模块浏览'),
 (17,'forum-add','',0x01,'讨论版块添加'),
 (18,'forum-edit','',0x01,'讨论版块编辑'),
 (19,'forum-view','',0x01,'讨论版块查看'),
 (20,'topic-add','',0x01,'讨论话题添加'),
 (21,'topic-edit','',0x01,'讨论话题编辑'),
 (22,'topic-view','',0x01,'讨论话题查看'),
 (23,'reply-add','',0x01,'讨论回复添加'),
 (24,'reply-edit','',0x01,'讨论回复编辑'),
 (25,'reply-view','',0x01,'讨论回复查看'),
 (26,'project-document-view','',0x01,'Document模块浏览'),
 (27,'file-edit','',0x01,'文档文件编辑'),
 (28,'file-view','',0x01,'文档文件查看'),
 (29,'file-upload','',0x01,'文档文件上载'),
 (30,'file-download','',0x01,'文档文件下载'),
 (31,'folder-add','',0x01,'文档目录添加'),
 (32,'folder-edit','',0x01,'文档目录编辑'),
 (33,'folder-view','',0x01,'文档目录查看'),
 (34,'project-team-view','',0x00,'Team模块浏览'),
 (35,'member-add','',0x01,'团队成员添加'),
 (36,'member-edit','',0x01,'团队成员编辑'),
 (37,'member-view','',0x01,'团队成员查看'),
 (38,'project-message-view','',0x01,'Message模块浏览'),
 (39,'message-add','',0x01,'消息添加'),
 (40,'message-edit','',0x01,'消息编辑'),
 (41,'message-view','',0x01,'消息查看'),
 (42,'project-admin-view','',0x01,'Admin模块浏览'),
 (43,'activity-add','',0x01,'微薄添加'),
 (44,'activity-edit','',0x01,'微薄编辑'),
 (45,'activity-view','',0x01,'微薄查看'),
 (46,'project-gallery-view','',0x01,'Gallery模块浏览'),
 (47,'album-add','',0x01,'相册添加'),
 (48,'album-edit','',0x01,'相册编辑'),
 (49,'album-view','',0x01,'相册查看'),
 (50,'photo-add','',0x01,'相片上传'),
 (51,'photo-edit','',0x01,'相片编辑'),
 (52,'photo-view','',0x01,'相片查看'),
 (53,'project-knowledge-view','',0x01,'Knowledge模块浏览'),
 (54,'question-add','',0x01,'问题添加'),
 (55,'question-edit','',0x01,'问题编辑'),
 (56,'question-view','',0x01,'问题查看'),
 (57,'answer-add','',0x01,'答案添加'),
 (58,'answer-edit','',0x01,'答案编辑'),
 (59,'answer-view','',0x01,'答案查看'),
 (60,'project-list-view','',0x01,'List模块浏览');
CREATE TABLE  `connect`.`osf_roles` (
  `_id` bigint(20) NOT NULL AUTO_INCREMENT,
  `_code` varchar(255) NOT NULL,
  `_description` varchar(255) DEFAULT NULL,
  `_enabled` bit(1) DEFAULT NULL,
  `_level` int(11) DEFAULT NULL,
  `_name` varchar(255) NOT NULL,
  `_category_id` bigint(20) DEFAULT NULL,
  PRIMARY KEY (`_id`),
  KEY `FKB025D74091C8ED4B` (`_category_id`)
) ENGINE=MyISAM AUTO_INCREMENT=7 DEFAULT CHARSET=utf8;
INSERT INTO `connect`.`osf_roles` VALUES  (1,'admin','',0x01,5,'主人',1),
 (2,'friend','',0x01,50,'好友',1),
 (3,'guest','',0x01,100,'游客',1),
 (4,'admin','',0x01,5,'管理员',2),
 (5,'member','',0x01,50,'成员',2),
 (6,'guest','',0x01,100,'游客',2);
CREATE TABLE  `connect`.`osf_site_links` (
  `_id` bigint(20) NOT NULL AUTO_INCREMENT,
  `_code` varchar(255) DEFAULT NULL,
  `_href` varchar(255) DEFAULT NULL,
  `_text` varchar(255) DEFAULT NULL,
  `_site_id` bigint(20) NOT NULL,
  PRIMARY KEY (`_id`),
  KEY `FK8BD9521E9DE3DFA4` (`_site_id`)
) ENGINE=MyISAM DEFAULT CHARSET=utf8;
CREATE TABLE  `connect`.`osf_sites` (
  `_id` bigint(20) NOT NULL AUTO_INCREMENT,
  `_context_path` varchar(255) NOT NULL,
  `_copyright` text,
  `_description` longtext,
  `_domain` varchar(255) NOT NULL,
  `_enabled` bit(1) DEFAULT NULL,
  `_keywords` varchar(255) DEFAULT NULL,
  `_port` int(11) DEFAULT NULL,
  `_ssl` bit(1) DEFAULT NULL,
  `_title` varchar(255) NOT NULL,
  `_mail_settings_id` bigint(20) DEFAULT NULL,
  `_theme_id` bigint(20) DEFAULT NULL,
  PRIMARY KEY (`_id`),
  UNIQUE KEY `_domain` (`_domain`),
  KEY `FKB031528FA290D111` (`_mail_settings_id`),
  KEY `FKB031528F387B1310` (`_theme_id`)
) ENGINE=MyISAM AUTO_INCREMENT=2 DEFAULT CHARSET=utf8;
INSERT INTO `connect`.`osf_sites` VALUES  (1,'connect-web','<a href=\"http://opensourceforce.org\">开源力量</a> Powered By <a href=\"http://code.google.com/p/focus-sns/\" target=\"_blank\">FocusSNS</a>&nbsp;<span style=\"color: rgb(51, 51, 51); font-family: Helvetica, Verdana, Arial, sans-serif; line-height: 18px; \">沪ICP备08023068号</span>','','localhost',0x01,'',8080,0x00,'Demo',NULL,NULL);
CREATE TABLE  `connect`.`osf_statistics` (
  `_id` bigint(20) NOT NULL AUTO_INCREMENT,
  `_count` bigint(20) DEFAULT NULL,
  `_entity` varchar(255) DEFAULT NULL,
  `_linked_id` bigint(20) NOT NULL,
  `_project_id` bigint(20) NOT NULL,
  `_type` varchar(255) DEFAULT NULL,
  PRIMARY KEY (`_id`),
  KEY `FK60094280ADE2AB90` (`_project_id`)
) ENGINE=MyISAM AUTO_INCREMENT=17 DEFAULT CHARSET=utf8;
INSERT INTO `connect`.`osf_statistics` VALUES  (1,206,'Question',1,1,'view'),
 (2,105,'Question',2,1,'view'),
 (3,0,'Answer',1,1,'view'),
 (4,0,'Answer',3,1,'view'),
 (5,0,'Answer',4,1,'view'),
 (6,1,'Answer',1,1,'vote'),
 (7,0,'Answer',3,1,'vote'),
 (8,1,'Answer',4,1,'vote'),
 (9,0,'Answer',2,1,'vote'),
 (10,22,'Question',3,2,'view'),
 (11,34,'Topic',1,1,'view'),
 (12,12,'Post',1,1,'view'),
 (13,14,'Question',4,1,'view'),
 (14,1,'Question',5,1,'view'),
 (15,6,'Question',6,8,'view'),
 (16,3,'Topic',2,8,'view');
CREATE TABLE  `connect`.`osf_tags` (
  `_id` bigint(20) NOT NULL AUTO_INCREMENT,
  `_entity` varchar(255) NOT NULL,
  `_linked_id` bigint(20) NOT NULL,
  `_name` varchar(255) NOT NULL,
  `_entered` datetime DEFAULT NULL,
  `_user_id` bigint(20) NOT NULL,
  PRIMARY KEY (`_id`),
  KEY `FK818E4F3617F46124` (`_user_id`)
) ENGINE=MyISAM AUTO_INCREMENT=5 DEFAULT CHARSET=utf8;
INSERT INTO `connect`.`osf_tags` VALUES  (1,'Question',2,'FAQ','2011-06-03 11:08:01',1),
 (4,'Question',1,'simple','2011-06-12 22:28:20',1);
CREATE TABLE  `connect`.`osf_team_members` (
  `_id` bigint(20) NOT NULL AUTO_INCREMENT,
  `_enabled` bit(1) DEFAULT NULL,
  `_status` varchar(255) DEFAULT NULL,
  `_project_id` bigint(20) NOT NULL,
  `_role_id` bigint(20) NOT NULL,
  `_user_id` bigint(20) NOT NULL,
  PRIMARY KEY (`_id`),
  KEY `FK5D9CB35472C99D44` (`_role_id`),
  KEY `FK5D9CB35417F46124` (`_user_id`),
  KEY `FK5D9CB354ADE2AB90` (`_project_id`)
) ENGINE=MyISAM AUTO_INCREMENT=10 DEFAULT CHARSET=utf8;
INSERT INTO `connect`.`osf_team_members` VALUES  (5,0x01,NULL,2,2,1),
 (6,0x01,NULL,1,2,2),
 (7,0x01,NULL,8,5,2),
 (8,0x01,NULL,2,2,1),
 (9,0x01,NULL,2,2,1);
CREATE TABLE  `connect`.`osf_templates` (
  `_id` bigint(20) NOT NULL AUTO_INCREMENT,
  `_code` varchar(255) NOT NULL,
  `_content` longtext NOT NULL,
  `_enabled` bit(1) DEFAULT NULL,
  `_name` varchar(255) NOT NULL,
  `_category_id` bigint(20) DEFAULT NULL,
  PRIMARY KEY (`_id`),
  KEY `FK501C123C91C8ED4B` (`_category_id`)
) ENGINE=MyISAM AUTO_INCREMENT=3 DEFAULT CHARSET=utf8;
INSERT INTO `connect`.`osf_templates` VALUES  (1,'people-features','[label=个人主页,code=profile,show=true,role=guest]\r\n[label=问答,code=knowledge,show=true,role=guest]\r\n[label=日历,code=calendar,show=true,role=friend]\r\n[label=博客,code=blog,show=true,role=guest]\r\n[label=收藏夹,code=list,show=true,role=friend]\r\n[label=相册,code=gallery,show=true,role=guest]\r\n[label=讨论,code=discussion,show=true,role=guest]\r\n[label=文档,code=document,show=true,role=friend]\r\n[label=好友,code=team,show=true,role=guest]\r\n[label=消息,code=message,show=true,role=admin]\r\n[label=管理,code=admin,show=true,role=admin]',0x01,'自定义模块',1),
 (2,'groups-features','[label=主页,code=profile,show=true,role=guest]\r\n[label=问答,code=knowledge,show=true,role=guest]\r\n[label=日历,code=calendar,show=true,role=member]\r\n[label=博客,code=blog,show=true,role=guest]\r\n[label=收藏夹,code=list,show=true,role=member]\r\n[label=相册,code=gallery,show=true,role=guest]\r\n[label=讨论,code=discussion,show=true,role=guest]\r\n[label=文档,code=document,show=true,role=member]\r\n[label=成员,code=team,show=true,role=guest]\r\n[label=消息,code=message,show=true,role=admin]\r\n[label=管理,code=admin,show=true,role=admin]',0x01,'自定义模块',2);
CREATE TABLE  `connect`.`osf_themes` (
  `_id` bigint(20) NOT NULL AUTO_INCREMENT,
  `_enabled` bit(1) DEFAULT NULL,
  `_layout` varchar(255) DEFAULT NULL,
  `_layout_popup` varchar(255) DEFAULT NULL,
  `_name` varchar(255) NOT NULL,
  PRIMARY KEY (`_id`),
  UNIQUE KEY `_name` (`_name`)
) ENGINE=MyISAM DEFAULT CHARSET=utf8;
CREATE TABLE  `connect`.`osf_topic_categories` (
  `_id` bigint(20) NOT NULL AUTO_INCREMENT,
  `_enabled` bit(1) DEFAULT NULL,
  `_label` varchar(255) NOT NULL,
  `_project_id` bigint(20) NOT NULL,
  PRIMARY KEY (`_id`),
  KEY `FK6CB962C9ADE2AB90` (`_project_id`)
) ENGINE=MyISAM DEFAULT CHARSET=utf8;
CREATE TABLE  `connect`.`osf_topics` (
  `_id` bigint(20) NOT NULL AUTO_INCREMENT,
  `_content` varchar(255) NOT NULL,
  `_enabled` bit(1) DEFAULT NULL,
  `_entered` datetime NOT NULL,
  `_modified` datetime NOT NULL,
  `_question` bit(1) DEFAULT NULL,
  `_subject` varchar(255) NOT NULL,
  `_answer_id` bigint(20) DEFAULT NULL,
  `_category_id` bigint(20) DEFAULT NULL,
  `_entered_by_id` bigint(20) NOT NULL,
  `_forum_id` bigint(20) NOT NULL,
  `_modified_by_id` bigint(20) NOT NULL,
  PRIMARY KEY (`_id`),
  KEY `FK5800A1018DE2D65A` (`_category_id`),
  KEY `FK5800A101F1C6D049` (`_forum_id`),
  KEY `FK5800A101FA11FB90` (`_entered_by_id`),
  KEY `FK5800A1018DB1780` (`_modified_by_id`),
  KEY `FK5800A101DC808B77` (`_answer_id`)
) ENGINE=MyISAM AUTO_INCREMENT=4 DEFAULT CHARSET=utf8;
INSERT INTO `connect`.`osf_topics` VALUES  (1,'这是一个简单的问题 哈哈',0x01,'2011-06-09 09:17:48','2011-06-09 09:17:48',0x00,'测试话题',NULL,NULL,1,1,1),
 (2,'FocusSNS 切换',0x01,'2011-06-15 14:56:53','2011-06-15 14:56:53',0x00,'FocusSNS',NULL,NULL,2,2,2),
 (3,'haozhonghu 发的话题',0x01,'2011-06-15 15:16:39','2011-06-15 15:16:39',0x00,'Haozhonghu话题',NULL,NULL,2,1,2);
CREATE TABLE  `connect`.`osf_users` (
  `_id` bigint(20) NOT NULL AUTO_INCREMENT,
  `_email` varchar(255) NOT NULL,
  `_enabled` bit(1) NOT NULL,
  `_entered` datetime NOT NULL,
  `_last_login` datetime DEFAULT NULL,
  `_locale` varchar(255) DEFAULT NULL,
  `_nickname` varchar(255) NOT NULL,
  `_password` varchar(255) NOT NULL,
  `_timezone` varchar(255) DEFAULT NULL,
  `_token` varchar(255) DEFAULT NULL,
  `_username` varchar(255) NOT NULL,
  `_project_id` bigint(20) DEFAULT NULL,
  PRIMARY KEY (`_id`),
  UNIQUE KEY `_email` (`_email`),
  UNIQUE KEY `_username` (`_username`),
  KEY `FKB051D68BADE2AB90` (`_project_id`)
) ENGINE=MyISAM AUTO_INCREMENT=3 DEFAULT CHARSET=utf8;
INSERT INTO `connect`.`osf_users` VALUES  (1,'gavin.hu@opensourceforce.org',0x01,'2011-05-31 15:35:02','2011-05-31 15:35:02',NULL,'Gavin Hu','123456',NULL,'dbebb70a-bcac-4150-8425-e19c82992e52','gavin.hu@opensourceforce.org',1),
 (2,'haozhonghu@hotmail.com',0x00,'2011-06-08 15:41:38','2011-06-08 15:41:38',NULL,'HaozhongHu','123456',NULL,'d29665cc-0cc1-40ef-b08a-e372834b39ca','haozhonghu@hotmail.com',2);
CREATE TABLE  `connect`.`osf_vote_records` (
  `_id` bigint(20) NOT NULL AUTO_INCREMENT,
  `_code` varchar(255) NOT NULL,
  `_entered` datetime DEFAULT NULL,
  `_entity` varchar(255) NOT NULL,
  `_linked_id` bigint(20) NOT NULL,
  `_user_id` bigint(20) NOT NULL,
  PRIMARY KEY (`_id`),
  KEY `FKC5373C0A17F46124` (`_user_id`)
) ENGINE=MyISAM AUTO_INCREMENT=8 DEFAULT CHARSET=utf8;
INSERT INTO `connect`.`osf_vote_records` VALUES  (4,'useless','2011-06-07 15:33:30','Answer',4,1),
 (5,'useful','2011-06-07 15:41:01','Answer',1,1),
 (6,'useless','2011-06-12 20:46:11','Answer',5,1),
 (7,'useless','2011-06-15 09:57:56','Answer',6,1);



/*!40101 SET SQL_MODE=@OLD_SQL_MODE */;
/*!40014 SET FOREIGN_KEY_CHECKS=@OLD_FOREIGN_KEY_CHECKS */;
/*!40014 SET UNIQUE_CHECKS=@OLD_UNIQUE_CHECKS */;
/*!40101 SET CHARACTER_SET_CLIENT=@OLD_CHARACTER_SET_CLIENT */;
/*!40101 SET CHARACTER_SET_RESULTS=@OLD_CHARACTER_SET_RESULTS */;
/*!40101 SET COLLATION_CONNECTION=@OLD_COLLATION_CONNECTION */;
/*!40101 SET CHARACTER_SET_CLIENT=@OLD_CHARACTER_SET_CLIENT */;
